1, Abilene_Chr 2, Air_Force 3, Akron 4, Alabama 5, Alabama_A&M 6, Alabama_St 7, Albany_NY 8, Alcorn_St 9, American_Univ 10, Appalachian_St 11, Arizona 12, Arizona_St 13, Ark_Little_Rock 14, Ark_Pine_Bluff 15, Arkansas 16, Arkansas_St 17, Army 18, Auburn 19, Austin_Peay 20, Ball_St 21, Baylor 22, Belmont 23, Bethune-Cookman 24, Binghamton 25, Boise_St 26, Boston_College 27, Boston_Univ 28, Bowling_Green 29, Bradley 30, Brown 31, Bryant 32, Bucknell 33, Buffalo 34, Butler 35, BYU 36, C_Michigan 37, Cal_Baptist 38, Cal_Poly 39, California 40, Campbell 41, Canisius 42, Cent_Arkansas 43, Central_Conn 44, Charleston_So 45, Charlotte 46, Chattanooga 47, Chicago_St 48, Cincinnati 49, Citadel 50, Clemson 51, Cleveland_St 52, Coastal_Car 53, Col_Charleston 54, Colgate 55, Colorado 56, Colorado_St 57, Columbia 58, Connecticut 59, Coppin_St 60, Cornell 61, Creighton 62, CS_Bakersfield 63, CS_Fullerton 64, CS_Northridge 65, CS_Sacramento 66, Dartmouth 67, Davidson 68, Dayton 69, Delaware 70, Delaware_St 71, Denver 72, DePaul 73, Detroit 74, Drake 75, Drexel 76, Duke 77, Duquesne 78, E_Illinois 79, E_Kentucky 80, E_Michigan 81, E_Washington 82, East_Carolina 83, Elon 84, ETSU 85, Evansville 86, F_Dickinson 87, Fairfield 88, FL_Atlantic 89, FL_Gulf_Coast 90, Florida 91, Florida_A&M 92, Florida_Intl 93, Florida_St 94, Fordham 95, Fresno_St 96, Furman 97, G_Washington 98, Ga_Southern 99, Gardner_Webb 100, George_Mason 101, Georgetown 102, Georgia 103, Georgia_St 104, Georgia_Tech 105, Gonzaga 106, Grambling 107, Grand_Canyon 108, Hampton 109, Hartford 110, Harvard 111, Hawaii 112, High_Point 113, Hofstra 114, Holy_Cross 115, Houston 116, Houston_Bap 117, Howard 118, Idaho 119, Idaho_St 120, IL_Chicago 121, Illinois 122, Illinois_St 123, Incarnate_Word 124, Indiana 125, Indiana_St 126, Iona 127, Iowa 128, Iowa_St 129, IUPUI 130, Jackson_St 131, Jacksonville 132, Jacksonville_St 133, James_Madison 134, Kansas 135, Kansas_St 136, Kennesaw 137, Kent 138, Kentucky 139, La_Salle 140, Lafayette 141, Lamar 142, Lehigh 143, Liberty 144, Lipscomb 145, LIU_Brooklyn 146, Long_Beach_St 147, Longwood 148, Louisiana 149, Louisiana_Tech 150, Louisville 151, Loy_Marymount 152, Loyola_MD 153, Loyola-Chicago 154, LSU 155, MA_Lowell 156, Maine 157, Manhattan 158, Marist 159, Marquette 160, Marshall 161, Maryland 162, Massachusetts 163, McNeese_St 164, MD_E_Shore 165, Memphis 166, Mercer 167, Miami_FL 168, Miami_OH 169, Michigan 170, Michigan_St 171, Minnesota 172, Mississippi 173, Mississippi_St 174, Missouri 175, Missouri_KC 176, Missouri_St 177, Monmouth_NJ 178, Montana 179, Montana_St 180, Morehead_St 181, Morgan_St 182, MS_Valley_St 183, Mt_St_Mary's 184, MTSU 185, Murray_St 186, N_Colorado 187, N_Dakota_St 188, N_Illinois 189, N_Kentucky 190, Navy 191, NC_A&T 192, NC_Central 193, NC_State 194, NE_Omaha 195, Nebraska 196, Nevada 197, New_Hampshire 198, New_Mexico 199, New_Mexico_St 200, New_Orleans 201, Niagara 202, Nicholls_St 203, NJIT 204, Norfolk_St 205, North_Alabama 206, North_Carolina 207, North_Dakota 208, North_Florida 209, North_Texas 210, Northeastern 211, Northern_Arizona 212, Northern_Iowa 213, Northwestern 214, Northwestern_LA 215, Notre_Dame 216, Oakland 217, Ohio 218, Ohio_St 219, Oklahoma 220, Oklahoma_St 221, Old_Dominion 222, Oral_Roberts 223, Oregon 224, Oregon_St 225, Pacific 226, Penn 227, Penn_St 228, Pepperdine 229, PFW 230, Pittsburgh 231, Portland 232, Portland_St 233, Prairie_View 234, Presbyterian 235, Princeton 236, Providence 237, Purdue 238, Quinnipiac 239, Radford 240, Rhode_Island 241, Rice 242, Richmond 243, Rider 244, Robert_Morris 245, Rutgers 246, S_Carolina_St 247, S_Dakota_St 248, S_Illinois 249, Sacred_Heart 250, Sam_Houston_St 251, Samford 252, San_Diego 253, San_Diego_St 254, San_Francisco 255, San_Jose_St 256, Santa_Clara 257, Savannah_St 258, SC_Upstate 259, SE_Louisiana 260, SE_Missouri_St 261, Seattle 262, Seton_Hall 263, SF_Austin 264, Siena 265, SIUE 266, SMU 267, South_Alabama 268, South_Carolina 269, South_Dakota 270, South_Florida 271, Southern_Miss 272, Southern_Univ 273, Southern_Utah 274, St_Bonaventure 275, St_Francis_NY 276, St_Francis_PA 277, St_John's 278, St_Joseph's_PA 279, St_Louis 280, St_Mary's_CA 281, St_Peter's 282, Stanford 283, Stetson 284, Stony_Brook 285, Syracuse 286, TAM_C._Christi 287, TCU 288, Temple 289, Tennessee 290, Tennessee_St 291, Tennessee_Tech 292, Texas 293, Texas_A&M 294, Texas_St 295, Texas_Tech 296, TN_Martin 297, Toledo 298, Towson 299, Troy 300, Tulane 301, Tulsa 302, TX_Southern 303, UAB 304, UC_Davis 305, UC_Irvine 306, UC_Riverside 307, UC_Santa_Barbara 308, UCF 309, UCLA 310, ULM 311, UMBC 312, UNC_Asheville 313, UNC_Greensboro 314, UNC_Wilmington 315, UNLV 316, USC 317, UT_Arlington 318, UT_San_Antonio 319, Utah 320, Utah_St 321, Utah_Valley 322, UTEP 323, UTRGV 324, VA_Commonwealth 325, Valparaiso 326, Vanderbilt 327, Vermont 328, Villanova 329, Virginia 330, Virginia_Tech 331, VMI 332, W_Carolina 333, W_Illinois 334, W_Michigan 335, Wagner 336, Wake_Forest 337, Washington 338, Washington_St 339, Weber_St 340, West_Virginia 341, WI_Green_Bay 342, WI_Milwaukee 343, Wichita_St 344, William_&_Mary 345, Winthrop 346, Wisconsin 347, WKU 348, Wofford 349, Wright_St 350, Wyoming 351, Xavier 352, Yale 353, Youngstown_St 354